"reference_date","target","horizon","target_end_date","age_group","output_type","output_type_id","value"
2026-06-06,"SARI",-2,2026-05-23,"Adults","quantile",0.01,94
2026-06-06,"SARI",-2,2026-05-23,"Adults","quantile",0.025,102
2026-06-06,"SARI",-2,2026-05-23,"Adults","quantile",0.05,108
2026-06-06,"SARI",-2,2026-05-23,"Adults","quantile",0.1,115
2026-06-06,"SARI",-2,2026-05-23,"Adults","quantile",0.15,121
2026-06-06,"SARI",-2,2026-05-23,"Adults","quantile",0.2,126
2026-06-06,"SARI",-2,2026-05-23,"Adults","quantile",0.25,130
2026-06-06,"SARI",-2,2026-05-23,"Adults","quantile",0.3,134
2026-06-06,"SARI",-2,2026-05-23,"Adults","quantile",0.35,138
2026-06-06,"SARI",-2,2026-05-23,"Adults","quantile",0.4,141
2026-06-06,"SARI",-2,2026-05-23,"Adults","quantile",0.45,145
2026-06-06,"SARI",-2,2026-05-23,"Adults","quantile",0.5,148
2026-06-06,"SARI",-2,2026-05-23,"Adults","quantile",0.55,152
2026-06-06,"SARI",-2,2026-05-23,"Adults","quantile",0.6,155
2026-06-06,"SARI",-2,2026-05-23,"Adults","quantile",0.65,159
2026-06-06,"SARI",-2,2026-05-23,"Adults","quantile",0.7,163
2026-06-06,"SARI",-2,2026-05-23,"Adults","quantile",0.75,167
2026-06-06,"SARI",-2,2026-05-23,"Adults","quantile",0.8,172
2026-06-06,"SARI",-2,2026-05-23,"Adults","quantile",0.85,178
2026-06-06,"SARI",-2,2026-05-23,"Adults","quantile",0.9,185
2026-06-06,"SARI",-2,2026-05-23,"Adults","quantile",0.95,198
2026-06-06,"SARI",-2,2026-05-23,"Adults","quantile",0.975,209
2026-06-06,"SARI",-2,2026-05-23,"Adults","quantile",0.99,221
2026-06-06,"SARI",-2,2026-05-23,"Overall","quantile",0.01,186
2026-06-06,"SARI",-2,2026-05-23,"Overall","quantile",0.025,195
2026-06-06,"SARI",-2,2026-05-23,"Overall","quantile",0.05,203
2026-06-06,"SARI",-2,2026-05-23,"Overall","quantile",0.1,215
2026-06-06,"SARI",-2,2026-05-23,"Overall","quantile",0.15,222
2026-06-06,"SARI",-2,2026-05-23,"Overall","quantile",0.2,228
2026-06-06,"SARI",-2,2026-05-23,"Overall","quantile",0.25,233
2026-06-06,"SARI",-2,2026-05-23,"Overall","quantile",0.3,238
2026-06-06,"SARI",-2,2026-05-23,"Overall","quantile",0.35,242
2026-06-06,"SARI",-2,2026-05-23,"Overall","quantile",0.4,247
2026-06-06,"SARI",-2,2026-05-23,"Overall","quantile",0.45,251
2026-06-06,"SARI",-2,2026-05-23,"Overall","quantile",0.5,256
2026-06-06,"SARI",-2,2026-05-23,"Overall","quantile",0.55,260
2026-06-06,"SARI",-2,2026-05-23,"Overall","quantile",0.6,264
2026-06-06,"SARI",-2,2026-05-23,"Overall","quantile",0.65,269
2026-06-06,"SARI",-2,2026-05-23,"Overall","quantile",0.7,274
2026-06-06,"SARI",-2,2026-05-23,"Overall","quantile",0.75,279
2026-06-06,"SARI",-2,2026-05-23,"Overall","quantile",0.8,285
2026-06-06,"SARI",-2,2026-05-23,"Overall","quantile",0.85,292
2026-06-06,"SARI",-2,2026-05-23,"Overall","quantile",0.9,300
2026-06-06,"SARI",-2,2026-05-23,"Overall","quantile",0.95,314
2026-06-06,"SARI",-2,2026-05-23,"Overall","quantile",0.975,328
2026-06-06,"SARI",-2,2026-05-23,"Overall","quantile",0.99,344
2026-06-06,"SARI",-2,2026-05-23,"Pediatrics","quantile",0.01,63
2026-06-06,"SARI",-2,2026-05-23,"Pediatrics","quantile",0.025,70
2026-06-06,"SARI",-2,2026-05-23,"Pediatrics","quantile",0.05,75
2026-06-06,"SARI",-2,2026-05-23,"Pediatrics","quantile",0.1,81
2026-06-06,"SARI",-2,2026-05-23,"Pediatrics","quantile",0.15,86
2026-06-06,"SARI",-2,2026-05-23,"Pediatrics","quantile",0.2,89
2026-06-06,"SARI",-2,2026-05-23,"Pediatrics","quantile",0.25,92
2026-06-06,"SARI",-2,2026-05-23,"Pediatrics","quantile",0.3,95
2026-06-06,"SARI",-2,2026-05-23,"Pediatrics","quantile",0.35,97
2026-06-06,"SARI",-2,2026-05-23,"Pediatrics","quantile",0.4,100
2026-06-06,"SARI",-2,2026-05-23,"Pediatrics","quantile",0.45,103
2026-06-06,"SARI",-2,2026-05-23,"Pediatrics","quantile",0.5,106
2026-06-06,"SARI",-2,2026-05-23,"Pediatrics","quantile",0.55,108
2026-06-06,"SARI",-2,2026-05-23,"Pediatrics","quantile",0.6,111
2026-06-06,"SARI",-2,2026-05-23,"Pediatrics","quantile",0.65,114
2026-06-06,"SARI",-2,2026-05-23,"Pediatrics","quantile",0.7,117
2026-06-06,"SARI",-2,2026-05-23,"Pediatrics","quantile",0.75,121
2026-06-06,"SARI",-2,2026-05-23,"Pediatrics","quantile",0.8,125
2026-06-06,"SARI",-2,2026-05-23,"Pediatrics","quantile",0.85,130
2026-06-06,"SARI",-2,2026-05-23,"Pediatrics","quantile",0.9,135
2026-06-06,"SARI",-2,2026-05-23,"Pediatrics","quantile",0.95,144
2026-06-06,"SARI",-2,2026-05-23,"Pediatrics","quantile",0.975,152
2026-06-06,"SARI",-2,2026-05-23,"Pediatrics","quantile",0.99,163
2026-06-06,"SARI",-1,2026-05-30,"Adults","quantile",0.01,87
2026-06-06,"SARI",-1,2026-05-30,"Adults","quantile",0.025,96
2026-06-06,"SARI",-1,2026-05-30,"Adults","quantile",0.05,105
2026-06-06,"SARI",-1,2026-05-30,"Adults","quantile",0.1,114
2026-06-06,"SARI",-1,2026-05-30,"Adults","quantile",0.15,121
2026-06-06,"SARI",-1,2026-05-30,"Adults","quantile",0.2,126
2026-06-06,"SARI",-1,2026-05-30,"Adults","quantile",0.25,132
2026-06-06,"SARI",-1,2026-05-30,"Adults","quantile",0.3,136
2026-06-06,"SARI",-1,2026-05-30,"Adults","quantile",0.35,141
2026-06-06,"SARI",-1,2026-05-30,"Adults","quantile",0.4,145
2026-06-06,"SARI",-1,2026-05-30,"Adults","quantile",0.45,150
2026-06-06,"SARI",-1,2026-05-30,"Adults","quantile",0.5,154
2026-06-06,"SARI",-1,2026-05-30,"Adults","quantile",0.55,159
2026-06-06,"SARI",-1,2026-05-30,"Adults","quantile",0.6,164
2026-06-06,"SARI",-1,2026-05-30,"Adults","quantile",0.65,169
2026-06-06,"SARI",-1,2026-05-30,"Adults","quantile",0.7,175
2026-06-06,"SARI",-1,2026-05-30,"Adults","quantile",0.75,181
2026-06-06,"SARI",-1,2026-05-30,"Adults","quantile",0.8,188
2026-06-06,"SARI",-1,2026-05-30,"Adults","quantile",0.85,196
2026-06-06,"SARI",-1,2026-05-30,"Adults","quantile",0.9,209
2026-06-06,"SARI",-1,2026-05-30,"Adults","quantile",0.95,227
2026-06-06,"SARI",-1,2026-05-30,"Adults","quantile",0.975,247
2026-06-06,"SARI",-1,2026-05-30,"Adults","quantile",0.99,266
2026-06-06,"SARI",-1,2026-05-30,"Overall","quantile",0.01,179
2026-06-06,"SARI",-1,2026-05-30,"Overall","quantile",0.025,192
2026-06-06,"SARI",-1,2026-05-30,"Overall","quantile",0.05,201
2026-06-06,"SARI",-1,2026-05-30,"Overall","quantile",0.1,215
2026-06-06,"SARI",-1,2026-05-30,"Overall","quantile",0.15,225
2026-06-06,"SARI",-1,2026-05-30,"Overall","quantile",0.2,232
2026-06-06,"SARI",-1,2026-05-30,"Overall","quantile",0.25,239
2026-06-06,"SARI",-1,2026-05-30,"Overall","quantile",0.3,245
2026-06-06,"SARI",-1,2026-05-30,"Overall","quantile",0.35,251
2026-06-06,"SARI",-1,2026-05-30,"Overall","quantile",0.4,256
2026-06-06,"SARI",-1,2026-05-30,"Overall","quantile",0.45,262
2026-06-06,"SARI",-1,2026-05-30,"Overall","quantile",0.5,267
2026-06-06,"SARI",-1,2026-05-30,"Overall","quantile",0.55,273
2026-06-06,"SARI",-1,2026-05-30,"Overall","quantile",0.6,279
2026-06-06,"SARI",-1,2026-05-30,"Overall","quantile",0.65,284
2026-06-06,"SARI",-1,2026-05-30,"Overall","quantile",0.7,291
2026-06-06,"SARI",-1,2026-05-30,"Overall","quantile",0.75,299
2026-06-06,"SARI",-1,2026-05-30,"Overall","quantile",0.8,308
2026-06-06,"SARI",-1,2026-05-30,"Overall","quantile",0.85,318
2026-06-06,"SARI",-1,2026-05-30,"Overall","quantile",0.9,332
2026-06-06,"SARI",-1,2026-05-30,"Overall","quantile",0.95,353
2026-06-06,"SARI",-1,2026-05-30,"Overall","quantile",0.975,372
2026-06-06,"SARI",-1,2026-05-30,"Overall","quantile",0.99,394
2026-06-06,"SARI",-1,2026-05-30,"Pediatrics","quantile",0.01,62
2026-06-06,"SARI",-1,2026-05-30,"Pediatrics","quantile",0.025,68
2026-06-06,"SARI",-1,2026-05-30,"Pediatrics","quantile",0.05,73
2026-06-06,"SARI",-1,2026-05-30,"Pediatrics","quantile",0.1,80
2026-06-06,"SARI",-1,2026-05-30,"Pediatrics","quantile",0.15,84
2026-06-06,"SARI",-1,2026-05-30,"Pediatrics","quantile",0.2,89
2026-06-06,"SARI",-1,2026-05-30,"Pediatrics","quantile",0.25,93
2026-06-06,"SARI",-1,2026-05-30,"Pediatrics","quantile",0.3,97
2026-06-06,"SARI",-1,2026-05-30,"Pediatrics","quantile",0.35,100
2026-06-06,"SARI",-1,2026-05-30,"Pediatrics","quantile",0.4,103
2026-06-06,"SARI",-1,2026-05-30,"Pediatrics","quantile",0.45,107
2026-06-06,"SARI",-1,2026-05-30,"Pediatrics","quantile",0.5,110
2026-06-06,"SARI",-1,2026-05-30,"Pediatrics","quantile",0.55,113
2026-06-06,"SARI",-1,2026-05-30,"Pediatrics","quantile",0.6,117
2026-06-06,"SARI",-1,2026-05-30,"Pediatrics","quantile",0.65,120
2026-06-06,"SARI",-1,2026-05-30,"Pediatrics","quantile",0.7,124
2026-06-06,"SARI",-1,2026-05-30,"Pediatrics","quantile",0.75,128
2026-06-06,"SARI",-1,2026-05-30,"Pediatrics","quantile",0.8,134
2026-06-06,"SARI",-1,2026-05-30,"Pediatrics","quantile",0.85,140
2026-06-06,"SARI",-1,2026-05-30,"Pediatrics","quantile",0.9,148
2026-06-06,"SARI",-1,2026-05-30,"Pediatrics","quantile",0.95,160
2026-06-06,"SARI",-1,2026-05-30,"Pediatrics","quantile",0.975,173
2026-06-06,"SARI",-1,2026-05-30,"Pediatrics","quantile",0.99,187
2026-06-06,"SARI",0,2026-06-06,"Adults","quantile",0.01,83
2026-06-06,"SARI",0,2026-06-06,"Adults","quantile",0.025,92
2026-06-06,"SARI",0,2026-06-06,"Adults","quantile",0.05,101
2026-06-06,"SARI",0,2026-06-06,"Adults","quantile",0.1,112
2026-06-06,"SARI",0,2026-06-06,"Adults","quantile",0.15,120
2026-06-06,"SARI",0,2026-06-06,"Adults","quantile",0.2,126
2026-06-06,"SARI",0,2026-06-06,"Adults","quantile",0.25,133
2026-06-06,"SARI",0,2026-06-06,"Adults","quantile",0.3,138
2026-06-06,"SARI",0,2026-06-06,"Adults","quantile",0.35,144
2026-06-06,"SARI",0,2026-06-06,"Adults","quantile",0.4,149
2026-06-06,"SARI",0,2026-06-06,"Adults","quantile",0.45,154
2026-06-06,"SARI",0,2026-06-06,"Adults","quantile",0.5,159
2026-06-06,"SARI",0,2026-06-06,"Adults","quantile",0.55,164
2026-06-06,"SARI",0,2026-06-06,"Adults","quantile",0.6,169
2026-06-06,"SARI",0,2026-06-06,"Adults","quantile",0.65,176
2026-06-06,"SARI",0,2026-06-06,"Adults","quantile",0.7,183
2026-06-06,"SARI",0,2026-06-06,"Adults","quantile",0.75,189
2026-06-06,"SARI",0,2026-06-06,"Adults","quantile",0.8,198
2026-06-06,"SARI",0,2026-06-06,"Adults","quantile",0.85,209
2026-06-06,"SARI",0,2026-06-06,"Adults","quantile",0.9,222
2026-06-06,"SARI",0,2026-06-06,"Adults","quantile",0.95,246
2026-06-06,"SARI",0,2026-06-06,"Adults","quantile",0.975,267
2026-06-06,"SARI",0,2026-06-06,"Adults","quantile",0.99,299
2026-06-06,"SARI",0,2026-06-06,"Overall","quantile",0.01,170
2026-06-06,"SARI",0,2026-06-06,"Overall","quantile",0.025,187
2026-06-06,"SARI",0,2026-06-06,"Overall","quantile",0.05,200
2026-06-06,"SARI",0,2026-06-06,"Overall","quantile",0.1,215
2026-06-06,"SARI",0,2026-06-06,"Overall","quantile",0.15,224
2026-06-06,"SARI",0,2026-06-06,"Overall","quantile",0.2,234
2026-06-06,"SARI",0,2026-06-06,"Overall","quantile",0.25,241
2026-06-06,"SARI",0,2026-06-06,"Overall","quantile",0.3,249
2026-06-06,"SARI",0,2026-06-06,"Overall","quantile",0.35,255
2026-06-06,"SARI",0,2026-06-06,"Overall","quantile",0.4,262
2026-06-06,"SARI",0,2026-06-06,"Overall","quantile",0.45,268
2026-06-06,"SARI",0,2026-06-06,"Overall","quantile",0.5,274
2026-06-06,"SARI",0,2026-06-06,"Overall","quantile",0.55,281
2026-06-06,"SARI",0,2026-06-06,"Overall","quantile",0.6,288
2026-06-06,"SARI",0,2026-06-06,"Overall","quantile",0.65,295
2026-06-06,"SARI",0,2026-06-06,"Overall","quantile",0.7,302
2026-06-06,"SARI",0,2026-06-06,"Overall","quantile",0.75,311
2026-06-06,"SARI",0,2026-06-06,"Overall","quantile",0.8,321
2026-06-06,"SARI",0,2026-06-06,"Overall","quantile",0.85,333
2026-06-06,"SARI",0,2026-06-06,"Overall","quantile",0.9,349
2026-06-06,"SARI",0,2026-06-06,"Overall","quantile",0.95,376
2026-06-06,"SARI",0,2026-06-06,"Overall","quantile",0.975,398
2026-06-06,"SARI",0,2026-06-06,"Overall","quantile",0.99,435
2026-06-06,"SARI",0,2026-06-06,"Pediatrics","quantile",0.01,60
2026-06-06,"SARI",0,2026-06-06,"Pediatrics","quantile",0.025,65
2026-06-06,"SARI",0,2026-06-06,"Pediatrics","quantile",0.05,70
2026-06-06,"SARI",0,2026-06-06,"Pediatrics","quantile",0.1,78
2026-06-06,"SARI",0,2026-06-06,"Pediatrics","quantile",0.15,83
2026-06-06,"SARI",0,2026-06-06,"Pediatrics","quantile",0.2,88
2026-06-06,"SARI",0,2026-06-06,"Pediatrics","quantile",0.25,93
2026-06-06,"SARI",0,2026-06-06,"Pediatrics","quantile",0.3,97
2026-06-06,"SARI",0,2026-06-06,"Pediatrics","quantile",0.35,100
2026-06-06,"SARI",0,2026-06-06,"Pediatrics","quantile",0.4,104
2026-06-06,"SARI",0,2026-06-06,"Pediatrics","quantile",0.45,108
2026-06-06,"SARI",0,2026-06-06,"Pediatrics","quantile",0.5,112
2026-06-06,"SARI",0,2026-06-06,"Pediatrics","quantile",0.55,116
2026-06-06,"SARI",0,2026-06-06,"Pediatrics","quantile",0.6,120
2026-06-06,"SARI",0,2026-06-06,"Pediatrics","quantile",0.65,124
2026-06-06,"SARI",0,2026-06-06,"Pediatrics","quantile",0.7,128
2026-06-06,"SARI",0,2026-06-06,"Pediatrics","quantile",0.75,133
2026-06-06,"SARI",0,2026-06-06,"Pediatrics","quantile",0.8,139
2026-06-06,"SARI",0,2026-06-06,"Pediatrics","quantile",0.85,146
2026-06-06,"SARI",0,2026-06-06,"Pediatrics","quantile",0.9,156
2026-06-06,"SARI",0,2026-06-06,"Pediatrics","quantile",0.95,169
2026-06-06,"SARI",0,2026-06-06,"Pediatrics","quantile",0.975,186
2026-06-06,"SARI",0,2026-06-06,"Pediatrics","quantile",0.99,204
2026-06-06,"SARI",1,2026-06-13,"Adults","quantile",0.01,76
2026-06-06,"SARI",1,2026-06-13,"Adults","quantile",0.025,87
2026-06-06,"SARI",1,2026-06-13,"Adults","quantile",0.05,97
2026-06-06,"SARI",1,2026-06-13,"Adults","quantile",0.1,110
2026-06-06,"SARI",1,2026-06-13,"Adults","quantile",0.15,119
2026-06-06,"SARI",1,2026-06-13,"Adults","quantile",0.2,126
2026-06-06,"SARI",1,2026-06-13,"Adults","quantile",0.25,132
2026-06-06,"SARI",1,2026-06-13,"Adults","quantile",0.3,138
2026-06-06,"SARI",1,2026-06-13,"Adults","quantile",0.35,144
2026-06-06,"SARI",1,2026-06-13,"Adults","quantile",0.4,149
2026-06-06,"SARI",1,2026-06-13,"Adults","quantile",0.45,155
2026-06-06,"SARI",1,2026-06-13,"Adults","quantile",0.5,161
2026-06-06,"SARI",1,2026-06-13,"Adults","quantile",0.55,166
2026-06-06,"SARI",1,2026-06-13,"Adults","quantile",0.6,172
2026-06-06,"SARI",1,2026-06-13,"Adults","quantile",0.65,178
2026-06-06,"SARI",1,2026-06-13,"Adults","quantile",0.7,186
2026-06-06,"SARI",1,2026-06-13,"Adults","quantile",0.75,194
2026-06-06,"SARI",1,2026-06-13,"Adults","quantile",0.8,205
2026-06-06,"SARI",1,2026-06-13,"Adults","quantile",0.85,216
2026-06-06,"SARI",1,2026-06-13,"Adults","quantile",0.9,232
2026-06-06,"SARI",1,2026-06-13,"Adults","quantile",0.95,260
2026-06-06,"SARI",1,2026-06-13,"Adults","quantile",0.975,287
2026-06-06,"SARI",1,2026-06-13,"Adults","quantile",0.99,322
2026-06-06,"SARI",1,2026-06-13,"Overall","quantile",0.01,163
2026-06-06,"SARI",1,2026-06-13,"Overall","quantile",0.025,180
2026-06-06,"SARI",1,2026-06-13,"Overall","quantile",0.05,195
2026-06-06,"SARI",1,2026-06-13,"Overall","quantile",0.1,212
2026-06-06,"SARI",1,2026-06-13,"Overall","quantile",0.15,223
2026-06-06,"SARI",1,2026-06-13,"Overall","quantile",0.2,233
2026-06-06,"SARI",1,2026-06-13,"Overall","quantile",0.25,241
2026-06-06,"SARI",1,2026-06-13,"Overall","quantile",0.3,248
2026-06-06,"SARI",1,2026-06-13,"Overall","quantile",0.35,256
2026-06-06,"SARI",1,2026-06-13,"Overall","quantile",0.4,263
2026-06-06,"SARI",1,2026-06-13,"Overall","quantile",0.45,270
2026-06-06,"SARI",1,2026-06-13,"Overall","quantile",0.5,277
2026-06-06,"SARI",1,2026-06-13,"Overall","quantile",0.55,284
2026-06-06,"SARI",1,2026-06-13,"Overall","quantile",0.6,291
2026-06-06,"SARI",1,2026-06-13,"Overall","quantile",0.65,299
2026-06-06,"SARI",1,2026-06-13,"Overall","quantile",0.7,307
2026-06-06,"SARI",1,2026-06-13,"Overall","quantile",0.75,316
2026-06-06,"SARI",1,2026-06-13,"Overall","quantile",0.8,328
2026-06-06,"SARI",1,2026-06-13,"Overall","quantile",0.85,342
2026-06-06,"SARI",1,2026-06-13,"Overall","quantile",0.9,361
2026-06-06,"SARI",1,2026-06-13,"Overall","quantile",0.95,393
2026-06-06,"SARI",1,2026-06-13,"Overall","quantile",0.975,421
2026-06-06,"SARI",1,2026-06-13,"Overall","quantile",0.99,457
2026-06-06,"SARI",1,2026-06-13,"Pediatrics","quantile",0.01,54
2026-06-06,"SARI",1,2026-06-13,"Pediatrics","quantile",0.025,62
2026-06-06,"SARI",1,2026-06-13,"Pediatrics","quantile",0.05,68
2026-06-06,"SARI",1,2026-06-13,"Pediatrics","quantile",0.1,76
2026-06-06,"SARI",1,2026-06-13,"Pediatrics","quantile",0.15,81
2026-06-06,"SARI",1,2026-06-13,"Pediatrics","quantile",0.2,87
2026-06-06,"SARI",1,2026-06-13,"Pediatrics","quantile",0.25,91
2026-06-06,"SARI",1,2026-06-13,"Pediatrics","quantile",0.3,95
2026-06-06,"SARI",1,2026-06-13,"Pediatrics","quantile",0.35,99
2026-06-06,"SARI",1,2026-06-13,"Pediatrics","quantile",0.4,103
2026-06-06,"SARI",1,2026-06-13,"Pediatrics","quantile",0.45,108
2026-06-06,"SARI",1,2026-06-13,"Pediatrics","quantile",0.5,112
2026-06-06,"SARI",1,2026-06-13,"Pediatrics","quantile",0.55,116
2026-06-06,"SARI",1,2026-06-13,"Pediatrics","quantile",0.6,120
2026-06-06,"SARI",1,2026-06-13,"Pediatrics","quantile",0.65,125
2026-06-06,"SARI",1,2026-06-13,"Pediatrics","quantile",0.7,130
2026-06-06,"SARI",1,2026-06-13,"Pediatrics","quantile",0.75,136
2026-06-06,"SARI",1,2026-06-13,"Pediatrics","quantile",0.8,142
2026-06-06,"SARI",1,2026-06-13,"Pediatrics","quantile",0.85,150
2026-06-06,"SARI",1,2026-06-13,"Pediatrics","quantile",0.9,160
2026-06-06,"SARI",1,2026-06-13,"Pediatrics","quantile",0.95,177
2026-06-06,"SARI",1,2026-06-13,"Pediatrics","quantile",0.975,192
2026-06-06,"SARI",1,2026-06-13,"Pediatrics","quantile",0.99,215
2026-06-06,"SARI",2,2026-06-20,"Adults","quantile",0.01,73
2026-06-06,"SARI",2,2026-06-20,"Adults","quantile",0.025,84
2026-06-06,"SARI",2,2026-06-20,"Adults","quantile",0.05,92
2026-06-06,"SARI",2,2026-06-20,"Adults","quantile",0.1,104
2026-06-06,"SARI",2,2026-06-20,"Adults","quantile",0.15,113
2026-06-06,"SARI",2,2026-06-20,"Adults","quantile",0.2,120
2026-06-06,"SARI",2,2026-06-20,"Adults","quantile",0.25,127
2026-06-06,"SARI",2,2026-06-20,"Adults","quantile",0.3,133
2026-06-06,"SARI",2,2026-06-20,"Adults","quantile",0.35,139
2026-06-06,"SARI",2,2026-06-20,"Adults","quantile",0.4,145
2026-06-06,"SARI",2,2026-06-20,"Adults","quantile",0.45,150
2026-06-06,"SARI",2,2026-06-20,"Adults","quantile",0.5,156
2026-06-06,"SARI",2,2026-06-20,"Adults","quantile",0.55,162
2026-06-06,"SARI",2,2026-06-20,"Adults","quantile",0.6,170
2026-06-06,"SARI",2,2026-06-20,"Adults","quantile",0.65,176
2026-06-06,"SARI",2,2026-06-20,"Adults","quantile",0.7,184
2026-06-06,"SARI",2,2026-06-20,"Adults","quantile",0.75,193
2026-06-06,"SARI",2,2026-06-20,"Adults","quantile",0.8,203
2026-06-06,"SARI",2,2026-06-20,"Adults","quantile",0.85,216
2026-06-06,"SARI",2,2026-06-20,"Adults","quantile",0.9,232
2026-06-06,"SARI",2,2026-06-20,"Adults","quantile",0.95,259
2026-06-06,"SARI",2,2026-06-20,"Adults","quantile",0.975,290
2026-06-06,"SARI",2,2026-06-20,"Adults","quantile",0.99,325
2026-06-06,"SARI",2,2026-06-20,"Overall","quantile",0.01,155
2026-06-06,"SARI",2,2026-06-20,"Overall","quantile",0.025,175
2026-06-06,"SARI",2,2026-06-20,"Overall","quantile",0.05,186
2026-06-06,"SARI",2,2026-06-20,"Overall","quantile",0.1,202
2026-06-06,"SARI",2,2026-06-20,"Overall","quantile",0.15,214
2026-06-06,"SARI",2,2026-06-20,"Overall","quantile",0.2,224
2026-06-06,"SARI",2,2026-06-20,"Overall","quantile",0.25,232
2026-06-06,"SARI",2,2026-06-20,"Overall","quantile",0.3,241
2026-06-06,"SARI",2,2026-06-20,"Overall","quantile",0.35,249
2026-06-06,"SARI",2,2026-06-20,"Overall","quantile",0.4,256
2026-06-06,"SARI",2,2026-06-20,"Overall","quantile",0.45,263
2026-06-06,"SARI",2,2026-06-20,"Overall","quantile",0.5,270
2026-06-06,"SARI",2,2026-06-20,"Overall","quantile",0.55,277
2026-06-06,"SARI",2,2026-06-20,"Overall","quantile",0.6,286
2026-06-06,"SARI",2,2026-06-20,"Overall","quantile",0.65,294
2026-06-06,"SARI",2,2026-06-20,"Overall","quantile",0.7,305
2026-06-06,"SARI",2,2026-06-20,"Overall","quantile",0.75,315
2026-06-06,"SARI",2,2026-06-20,"Overall","quantile",0.8,327
2026-06-06,"SARI",2,2026-06-20,"Overall","quantile",0.85,341
2026-06-06,"SARI",2,2026-06-20,"Overall","quantile",0.9,359
2026-06-06,"SARI",2,2026-06-20,"Overall","quantile",0.95,390
2026-06-06,"SARI",2,2026-06-20,"Overall","quantile",0.975,421
2026-06-06,"SARI",2,2026-06-20,"Overall","quantile",0.99,458
2026-06-06,"SARI",2,2026-06-20,"Pediatrics","quantile",0.01,50
2026-06-06,"SARI",2,2026-06-20,"Pediatrics","quantile",0.025,58
2026-06-06,"SARI",2,2026-06-20,"Pediatrics","quantile",0.05,63
2026-06-06,"SARI",2,2026-06-20,"Pediatrics","quantile",0.1,72
2026-06-06,"SARI",2,2026-06-20,"Pediatrics","quantile",0.15,78
2026-06-06,"SARI",2,2026-06-20,"Pediatrics","quantile",0.2,83
2026-06-06,"SARI",2,2026-06-20,"Pediatrics","quantile",0.25,88
2026-06-06,"SARI",2,2026-06-20,"Pediatrics","quantile",0.3,92
2026-06-06,"SARI",2,2026-06-20,"Pediatrics","quantile",0.35,96
2026-06-06,"SARI",2,2026-06-20,"Pediatrics","quantile",0.4,100
2026-06-06,"SARI",2,2026-06-20,"Pediatrics","quantile",0.45,104
2026-06-06,"SARI",2,2026-06-20,"Pediatrics","quantile",0.5,109
2026-06-06,"SARI",2,2026-06-20,"Pediatrics","quantile",0.55,113
2026-06-06,"SARI",2,2026-06-20,"Pediatrics","quantile",0.6,117
2026-06-06,"SARI",2,2026-06-20,"Pediatrics","quantile",0.65,122
2026-06-06,"SARI",2,2026-06-20,"Pediatrics","quantile",0.7,127
2026-06-06,"SARI",2,2026-06-20,"Pediatrics","quantile",0.75,134
2026-06-06,"SARI",2,2026-06-20,"Pediatrics","quantile",0.8,141
2026-06-06,"SARI",2,2026-06-20,"Pediatrics","quantile",0.85,150
2026-06-06,"SARI",2,2026-06-20,"Pediatrics","quantile",0.9,160
2026-06-06,"SARI",2,2026-06-20,"Pediatrics","quantile",0.95,180
2026-06-06,"SARI",2,2026-06-20,"Pediatrics","quantile",0.975,197
2026-06-06,"SARI",2,2026-06-20,"Pediatrics","quantile",0.99,219
2026-06-06,"SARI",3,2026-06-27,"Adults","quantile",0.01,65
2026-06-06,"SARI",3,2026-06-27,"Adults","quantile",0.025,77
2026-06-06,"SARI",3,2026-06-27,"Adults","quantile",0.05,86
2026-06-06,"SARI",3,2026-06-27,"Adults","quantile",0.1,98
2026-06-06,"SARI",3,2026-06-27,"Adults","quantile",0.15,106
2026-06-06,"SARI",3,2026-06-27,"Adults","quantile",0.2,113
2026-06-06,"SARI",3,2026-06-27,"Adults","quantile",0.25,119
2026-06-06,"SARI",3,2026-06-27,"Adults","quantile",0.3,125
2026-06-06,"SARI",3,2026-06-27,"Adults","quantile",0.35,130
2026-06-06,"SARI",3,2026-06-27,"Adults","quantile",0.4,136
2026-06-06,"SARI",3,2026-06-27,"Adults","quantile",0.45,142
2026-06-06,"SARI",3,2026-06-27,"Adults","quantile",0.5,149
2026-06-06,"SARI",3,2026-06-27,"Adults","quantile",0.55,155
2026-06-06,"SARI",3,2026-06-27,"Adults","quantile",0.6,162
2026-06-06,"SARI",3,2026-06-27,"Adults","quantile",0.65,169
2026-06-06,"SARI",3,2026-06-27,"Adults","quantile",0.7,177
2026-06-06,"SARI",3,2026-06-27,"Adults","quantile",0.75,186
2026-06-06,"SARI",3,2026-06-27,"Adults","quantile",0.8,195
2026-06-06,"SARI",3,2026-06-27,"Adults","quantile",0.85,208
2026-06-06,"SARI",3,2026-06-27,"Adults","quantile",0.9,224
2026-06-06,"SARI",3,2026-06-27,"Adults","quantile",0.95,253
2026-06-06,"SARI",3,2026-06-27,"Adults","quantile",0.975,277
2026-06-06,"SARI",3,2026-06-27,"Adults","quantile",0.99,315
2026-06-06,"SARI",3,2026-06-27,"Overall","quantile",0.01,143
2026-06-06,"SARI",3,2026-06-27,"Overall","quantile",0.025,159
2026-06-06,"SARI",3,2026-06-27,"Overall","quantile",0.05,173
2026-06-06,"SARI",3,2026-06-27,"Overall","quantile",0.1,190
2026-06-06,"SARI",3,2026-06-27,"Overall","quantile",0.15,201
2026-06-06,"SARI",3,2026-06-27,"Overall","quantile",0.2,210
2026-06-06,"SARI",3,2026-06-27,"Overall","quantile",0.25,220
2026-06-06,"SARI",3,2026-06-27,"Overall","quantile",0.3,228
2026-06-06,"SARI",3,2026-06-27,"Overall","quantile",0.35,236
2026-06-06,"SARI",3,2026-06-27,"Overall","quantile",0.4,242
2026-06-06,"SARI",3,2026-06-27,"Overall","quantile",0.45,250
2026-06-06,"SARI",3,2026-06-27,"Overall","quantile",0.5,257
2026-06-06,"SARI",3,2026-06-27,"Overall","quantile",0.55,266
2026-06-06,"SARI",3,2026-06-27,"Overall","quantile",0.6,273
2026-06-06,"SARI",3,2026-06-27,"Overall","quantile",0.65,281
2026-06-06,"SARI",3,2026-06-27,"Overall","quantile",0.7,290
2026-06-06,"SARI",3,2026-06-27,"Overall","quantile",0.75,301
2026-06-06,"SARI",3,2026-06-27,"Overall","quantile",0.8,314
2026-06-06,"SARI",3,2026-06-27,"Overall","quantile",0.85,329
2026-06-06,"SARI",3,2026-06-27,"Overall","quantile",0.9,348
2026-06-06,"SARI",3,2026-06-27,"Overall","quantile",0.95,379
2026-06-06,"SARI",3,2026-06-27,"Overall","quantile",0.975,409
2026-06-06,"SARI",3,2026-06-27,"Overall","quantile",0.99,449
2026-06-06,"SARI",3,2026-06-27,"Pediatrics","quantile",0.01,45
2026-06-06,"SARI",3,2026-06-27,"Pediatrics","quantile",0.025,53
2026-06-06,"SARI",3,2026-06-27,"Pediatrics","quantile",0.05,58
2026-06-06,"SARI",3,2026-06-27,"Pediatrics","quantile",0.1,66
2026-06-06,"SARI",3,2026-06-27,"Pediatrics","quantile",0.15,72
2026-06-06,"SARI",3,2026-06-27,"Pediatrics","quantile",0.2,77
2026-06-06,"SARI",3,2026-06-27,"Pediatrics","quantile",0.25,81
2026-06-06,"SARI",3,2026-06-27,"Pediatrics","quantile",0.3,86
2026-06-06,"SARI",3,2026-06-27,"Pediatrics","quantile",0.35,90
2026-06-06,"SARI",3,2026-06-27,"Pediatrics","quantile",0.4,95
2026-06-06,"SARI",3,2026-06-27,"Pediatrics","quantile",0.45,99
2026-06-06,"SARI",3,2026-06-27,"Pediatrics","quantile",0.5,103
2026-06-06,"SARI",3,2026-06-27,"Pediatrics","quantile",0.55,107
2026-06-06,"SARI",3,2026-06-27,"Pediatrics","quantile",0.6,112
2026-06-06,"SARI",3,2026-06-27,"Pediatrics","quantile",0.65,117
2026-06-06,"SARI",3,2026-06-27,"Pediatrics","quantile",0.7,122
2026-06-06,"SARI",3,2026-06-27,"Pediatrics","quantile",0.75,128
2026-06-06,"SARI",3,2026-06-27,"Pediatrics","quantile",0.8,136
2026-06-06,"SARI",3,2026-06-27,"Pediatrics","quantile",0.85,145
2026-06-06,"SARI",3,2026-06-27,"Pediatrics","quantile",0.9,156
2026-06-06,"SARI",3,2026-06-27,"Pediatrics","quantile",0.95,175
2026-06-06,"SARI",3,2026-06-27,"Pediatrics","quantile",0.975,194
2026-06-06,"SARI",3,2026-06-27,"Pediatrics","quantile",0.99,221
