date,target,target_group,value
1/8/2022,SARI_NATIONAL,Adults,1023
1/8/2022,SARI_NATIONAL,Overall,1186
1/8/2022,SARI_NATIONAL,Pediatrics,163
1/15/2022,SARI_NATIONAL,Adults,1251
1/15/2022,SARI_NATIONAL,Overall,1423
1/15/2022,SARI_NATIONAL,Pediatrics,172
1/22/2022,SARI_NATIONAL,Adults,1113
1/22/2022,SARI_NATIONAL,Overall,1303
1/22/2022,SARI_NATIONAL,Pediatrics,190
1/29/2022,SARI_NATIONAL,Adults,769
1/29/2022,SARI_NATIONAL,Overall,907
1/29/2022,SARI_NATIONAL,Pediatrics,138
2/5/2022,SARI_NATIONAL,Adults,587
2/5/2022,SARI_NATIONAL,Overall,698
2/5/2022,SARI_NATIONAL,Pediatrics,111
2/12/2022,SARI_NATIONAL,Adults,420
2/12/2022,SARI_NATIONAL,Overall,537
2/12/2022,SARI_NATIONAL,Pediatrics,117
2/19/2022,SARI_NATIONAL,Adults,473
2/19/2022,SARI_NATIONAL,Overall,604
2/19/2022,SARI_NATIONAL,Pediatrics,131
2/26/2022,SARI_NATIONAL,Adults,430
2/26/2022,SARI_NATIONAL,Overall,551
2/26/2022,SARI_NATIONAL,Pediatrics,121
3/5/2022,SARI_NATIONAL,Adults,533
3/5/2022,SARI_NATIONAL,Overall,702
3/5/2022,SARI_NATIONAL,Pediatrics,169
3/12/2022,SARI_NATIONAL,Adults,502
3/12/2022,SARI_NATIONAL,Overall,730
3/12/2022,SARI_NATIONAL,Pediatrics,228
3/19/2022,SARI_NATIONAL,Adults,518
3/19/2022,SARI_NATIONAL,Overall,772
3/19/2022,SARI_NATIONAL,Pediatrics,254
3/26/2022,SARI_NATIONAL,Adults,437
3/26/2022,SARI_NATIONAL,Overall,633
3/26/2022,SARI_NATIONAL,Pediatrics,196
4/2/2022,SARI_NATIONAL,Adults,377
4/2/2022,SARI_NATIONAL,Overall,567
4/2/2022,SARI_NATIONAL,Pediatrics,190
4/9/2022,SARI_NATIONAL,Adults,349
4/9/2022,SARI_NATIONAL,Overall,573
4/9/2022,SARI_NATIONAL,Pediatrics,224
4/16/2022,SARI_NATIONAL,Adults,302
4/16/2022,SARI_NATIONAL,Overall,511
4/16/2022,SARI_NATIONAL,Pediatrics,209
4/23/2022,SARI_NATIONAL,Adults,271
4/23/2022,SARI_NATIONAL,Overall,496
4/23/2022,SARI_NATIONAL,Pediatrics,225
4/30/2022,SARI_NATIONAL,Adults,267
4/30/2022,SARI_NATIONAL,Overall,547
4/30/2022,SARI_NATIONAL,Pediatrics,280
5/7/2022,SARI_NATIONAL,Adults,312
5/7/2022,SARI_NATIONAL,Overall,613
5/7/2022,SARI_NATIONAL,Pediatrics,301
5/14/2022,SARI_NATIONAL,Adults,343
5/14/2022,SARI_NATIONAL,Overall,761
5/14/2022,SARI_NATIONAL,Pediatrics,418
5/21/2022,SARI_NATIONAL,Adults,394
5/21/2022,SARI_NATIONAL,Overall,898
5/21/2022,SARI_NATIONAL,Pediatrics,504
5/28/2022,SARI_NATIONAL,Adults,419
5/28/2022,SARI_NATIONAL,Overall,846
5/28/2022,SARI_NATIONAL,Pediatrics,427
6/4/2022,SARI_NATIONAL,Adults,457
6/4/2022,SARI_NATIONAL,Overall,925
6/4/2022,SARI_NATIONAL,Pediatrics,468
6/11/2022,SARI_NATIONAL,Adults,482
6/11/2022,SARI_NATIONAL,Overall,1042
6/11/2022,SARI_NATIONAL,Pediatrics,560
6/18/2022,SARI_NATIONAL,Adults,429
6/18/2022,SARI_NATIONAL,Overall,918
6/18/2022,SARI_NATIONAL,Pediatrics,489
6/25/2022,SARI_NATIONAL,Adults,416
6/25/2022,SARI_NATIONAL,Overall,824
6/25/2022,SARI_NATIONAL,Pediatrics,408
7/2/2022,SARI_NATIONAL,Adults,483
7/2/2022,SARI_NATIONAL,Overall,871
7/2/2022,SARI_NATIONAL,Pediatrics,388
7/9/2022,SARI_NATIONAL,Adults,440
7/9/2022,SARI_NATIONAL,Overall,868
7/9/2022,SARI_NATIONAL,Pediatrics,428
7/16/2022,SARI_NATIONAL,Adults,462
7/16/2022,SARI_NATIONAL,Overall,821
7/16/2022,SARI_NATIONAL,Pediatrics,359
7/23/2022,SARI_NATIONAL,Adults,490
7/23/2022,SARI_NATIONAL,Overall,833
7/23/2022,SARI_NATIONAL,Pediatrics,343
7/30/2022,SARI_NATIONAL,Adults,422
7/30/2022,SARI_NATIONAL,Overall,701
7/30/2022,SARI_NATIONAL,Pediatrics,279
8/6/2022,SARI_NATIONAL,Adults,403
8/6/2022,SARI_NATIONAL,Overall,675
8/6/2022,SARI_NATIONAL,Pediatrics,272
8/13/2022,SARI_NATIONAL,Adults,348
8/13/2022,SARI_NATIONAL,Overall,652
8/13/2022,SARI_NATIONAL,Pediatrics,304
8/20/2022,SARI_NATIONAL,Adults,307
8/20/2022,SARI_NATIONAL,Overall,655
8/20/2022,SARI_NATIONAL,Pediatrics,348
8/27/2022,SARI_NATIONAL,Adults,286
8/27/2022,SARI_NATIONAL,Overall,595
8/27/2022,SARI_NATIONAL,Pediatrics,309
9/3/2022,SARI_NATIONAL,Adults,282
9/3/2022,SARI_NATIONAL,Overall,611
9/3/2022,SARI_NATIONAL,Pediatrics,329
9/10/2022,SARI_NATIONAL,Adults,305
9/10/2022,SARI_NATIONAL,Overall,616
9/10/2022,SARI_NATIONAL,Pediatrics,311
9/17/2022,SARI_NATIONAL,Adults,235
9/17/2022,SARI_NATIONAL,Overall,525
9/17/2022,SARI_NATIONAL,Pediatrics,290
9/24/2022,SARI_NATIONAL,Adults,242
9/24/2022,SARI_NATIONAL,Overall,502
9/24/2022,SARI_NATIONAL,Pediatrics,260
10/1/2022,SARI_NATIONAL,Adults,255
10/1/2022,SARI_NATIONAL,Overall,561
10/1/2022,SARI_NATIONAL,Pediatrics,306
10/8/2022,SARI_NATIONAL,Adults,208
10/8/2022,SARI_NATIONAL,Overall,480
10/8/2022,SARI_NATIONAL,Pediatrics,272
10/15/2022,SARI_NATIONAL,Adults,272
10/15/2022,SARI_NATIONAL,Overall,545
10/15/2022,SARI_NATIONAL,Pediatrics,273
10/22/2022,SARI_NATIONAL,Adults,267
10/22/2022,SARI_NATIONAL,Overall,591
10/22/2022,SARI_NATIONAL,Pediatrics,324
10/29/2022,SARI_NATIONAL,Adults,223
10/29/2022,SARI_NATIONAL,Overall,501
10/29/2022,SARI_NATIONAL,Pediatrics,278
11/5/2022,SARI_NATIONAL,Adults,230
11/5/2022,SARI_NATIONAL,Overall,481
11/5/2022,SARI_NATIONAL,Pediatrics,251
11/12/2022,SARI_NATIONAL,Adults,194
11/12/2022,SARI_NATIONAL,Overall,433
11/12/2022,SARI_NATIONAL,Pediatrics,239
11/19/2022,SARI_NATIONAL,Adults,161
11/19/2022,SARI_NATIONAL,Overall,329
11/19/2022,SARI_NATIONAL,Pediatrics,168
11/26/2022,SARI_NATIONAL,Adults,152
11/26/2022,SARI_NATIONAL,Overall,282
11/26/2022,SARI_NATIONAL,Pediatrics,130
12/3/2022,SARI_NATIONAL,Adults,189
12/3/2022,SARI_NATIONAL,Overall,323
12/3/2022,SARI_NATIONAL,Pediatrics,134
12/10/2022,SARI_NATIONAL,Adults,285
12/10/2022,SARI_NATIONAL,Overall,408
12/10/2022,SARI_NATIONAL,Pediatrics,123
12/17/2022,SARI_NATIONAL,Adults,309
12/17/2022,SARI_NATIONAL,Overall,457
12/17/2022,SARI_NATIONAL,Pediatrics,148
12/24/2022,SARI_NATIONAL,Adults,357
12/24/2022,SARI_NATIONAL,Overall,465
12/24/2022,SARI_NATIONAL,Pediatrics,108
12/31/2022,SARI_NATIONAL,Adults,324
12/31/2022,SARI_NATIONAL,Overall,407
12/31/2022,SARI_NATIONAL,Pediatrics,83
1/7/2023,SARI_NATIONAL,Adults,330
1/7/2023,SARI_NATIONAL,Overall,448
1/7/2023,SARI_NATIONAL,Pediatrics,118
1/14/2023,SARI_NATIONAL,Adults,237
1/14/2023,SARI_NATIONAL,Overall,359
1/14/2023,SARI_NATIONAL,Pediatrics,122
1/21/2023,SARI_NATIONAL,Adults,195
1/21/2023,SARI_NATIONAL,Overall,304
1/21/2023,SARI_NATIONAL,Pediatrics,109
1/28/2023,SARI_NATIONAL,Adults,135
1/28/2023,SARI_NATIONAL,Overall,226
1/28/2023,SARI_NATIONAL,Pediatrics,91
2/4/2023,SARI_NATIONAL,Adults,133
2/4/2023,SARI_NATIONAL,Overall,254
2/4/2023,SARI_NATIONAL,Pediatrics,121
2/11/2023,SARI_NATIONAL,Adults,100
2/11/2023,SARI_NATIONAL,Overall,222
2/11/2023,SARI_NATIONAL,Pediatrics,122
2/18/2023,SARI_NATIONAL,Adults,107
2/18/2023,SARI_NATIONAL,Overall,204
2/18/2023,SARI_NATIONAL,Pediatrics,97
2/25/2023,SARI_NATIONAL,Adults,100
2/25/2023,SARI_NATIONAL,Overall,200
2/25/2023,SARI_NATIONAL,Pediatrics,100
3/4/2023,SARI_NATIONAL,Adults,137
3/4/2023,SARI_NATIONAL,Overall,289
3/4/2023,SARI_NATIONAL,Pediatrics,152
3/11/2023,SARI_NATIONAL,Adults,104
3/11/2023,SARI_NATIONAL,Overall,300
3/11/2023,SARI_NATIONAL,Pediatrics,196
3/18/2023,SARI_NATIONAL,Adults,92
3/18/2023,SARI_NATIONAL,Overall,249
3/18/2023,SARI_NATIONAL,Pediatrics,157
3/25/2023,SARI_NATIONAL,Adults,83
3/25/2023,SARI_NATIONAL,Overall,238
3/25/2023,SARI_NATIONAL,Pediatrics,155
4/1/2023,SARI_NATIONAL,Adults,78
4/1/2023,SARI_NATIONAL,Overall,251
4/1/2023,SARI_NATIONAL,Pediatrics,173
4/8/2023,SARI_NATIONAL,Adults,90
4/8/2023,SARI_NATIONAL,Overall,275
4/8/2023,SARI_NATIONAL,Pediatrics,185
4/15/2023,SARI_NATIONAL,Adults,102
4/15/2023,SARI_NATIONAL,Overall,297
4/15/2023,SARI_NATIONAL,Pediatrics,195
4/22/2023,SARI_NATIONAL,Adults,91
4/22/2023,SARI_NATIONAL,Overall,320
4/22/2023,SARI_NATIONAL,Pediatrics,229
4/29/2023,SARI_NATIONAL,Adults,92
4/29/2023,SARI_NATIONAL,Overall,415
4/29/2023,SARI_NATIONAL,Pediatrics,323
5/6/2023,SARI_NATIONAL,Adults,102
5/6/2023,SARI_NATIONAL,Overall,484
5/6/2023,SARI_NATIONAL,Pediatrics,382
5/13/2023,SARI_NATIONAL,Adults,118
5/13/2023,SARI_NATIONAL,Overall,544
5/13/2023,SARI_NATIONAL,Pediatrics,426
5/20/2023,SARI_NATIONAL,Adults,113
5/20/2023,SARI_NATIONAL,Overall,596
5/20/2023,SARI_NATIONAL,Pediatrics,483
5/27/2023,SARI_NATIONAL,Adults,119
5/27/2023,SARI_NATIONAL,Overall,680
5/27/2023,SARI_NATIONAL,Pediatrics,561
6/3/2023,SARI_NATIONAL,Adults,182
6/3/2023,SARI_NATIONAL,Overall,706
6/3/2023,SARI_NATIONAL,Pediatrics,524
6/10/2023,SARI_NATIONAL,Adults,190
6/10/2023,SARI_NATIONAL,Overall,742
6/10/2023,SARI_NATIONAL,Pediatrics,552
6/17/2023,SARI_NATIONAL,Adults,196
6/17/2023,SARI_NATIONAL,Overall,633
6/17/2023,SARI_NATIONAL,Pediatrics,437
6/24/2023,SARI_NATIONAL,Adults,264
6/24/2023,SARI_NATIONAL,Overall,703
6/24/2023,SARI_NATIONAL,Pediatrics,439
7/1/2023,SARI_NATIONAL,Adults,257
7/1/2023,SARI_NATIONAL,Overall,675
7/1/2023,SARI_NATIONAL,Pediatrics,418
7/8/2023,SARI_NATIONAL,Adults,229
7/8/2023,SARI_NATIONAL,Overall,582
7/8/2023,SARI_NATIONAL,Pediatrics,353
7/15/2023,SARI_NATIONAL,Adults,191
7/15/2023,SARI_NATIONAL,Overall,524
7/15/2023,SARI_NATIONAL,Pediatrics,333
7/22/2023,SARI_NATIONAL,Adults,188
7/22/2023,SARI_NATIONAL,Overall,451
7/22/2023,SARI_NATIONAL,Pediatrics,263
7/29/2023,SARI_NATIONAL,Adults,153
7/29/2023,SARI_NATIONAL,Overall,379
7/29/2023,SARI_NATIONAL,Pediatrics,226
8/5/2023,SARI_NATIONAL,Adults,176
8/5/2023,SARI_NATIONAL,Overall,391
8/5/2023,SARI_NATIONAL,Pediatrics,215
8/12/2023,SARI_NATIONAL,Adults,147
8/12/2023,SARI_NATIONAL,Overall,409
8/12/2023,SARI_NATIONAL,Pediatrics,262
8/19/2023,SARI_NATIONAL,Adults,164
8/19/2023,SARI_NATIONAL,Overall,404
8/19/2023,SARI_NATIONAL,Pediatrics,240
8/26/2023,SARI_NATIONAL,Adults,178
8/26/2023,SARI_NATIONAL,Overall,408
8/26/2023,SARI_NATIONAL,Pediatrics,230
9/2/2023,SARI_NATIONAL,Adults,191
9/2/2023,SARI_NATIONAL,Overall,443
9/2/2023,SARI_NATIONAL,Pediatrics,252
9/9/2023,SARI_NATIONAL,Adults,184
9/9/2023,SARI_NATIONAL,Overall,417
9/9/2023,SARI_NATIONAL,Pediatrics,233
9/16/2023,SARI_NATIONAL,Adults,175
9/16/2023,SARI_NATIONAL,Overall,434
9/16/2023,SARI_NATIONAL,Pediatrics,259
9/23/2023,SARI_NATIONAL,Adults,170
9/23/2023,SARI_NATIONAL,Overall,396
9/23/2023,SARI_NATIONAL,Pediatrics,226
9/30/2023,SARI_NATIONAL,Adults,109
9/30/2023,SARI_NATIONAL,Overall,290
9/30/2023,SARI_NATIONAL,Pediatrics,181
10/7/2023,SARI_NATIONAL,Adults,111
10/7/2023,SARI_NATIONAL,Overall,301
10/7/2023,SARI_NATIONAL,Pediatrics,190
10/14/2023,SARI_NATIONAL,Adults,114
10/14/2023,SARI_NATIONAL,Overall,305
10/14/2023,SARI_NATIONAL,Pediatrics,191
10/21/2023,SARI_NATIONAL,Adults,114
10/21/2023,SARI_NATIONAL,Overall,278
10/21/2023,SARI_NATIONAL,Pediatrics,164
10/28/2023,SARI_NATIONAL,Adults,75
10/28/2023,SARI_NATIONAL,Overall,191
10/28/2023,SARI_NATIONAL,Pediatrics,116
11/4/2023,SARI_NATIONAL,Adults,81
11/4/2023,SARI_NATIONAL,Overall,210
11/4/2023,SARI_NATIONAL,Pediatrics,129
11/11/2023,SARI_NATIONAL,Adults,85
11/11/2023,SARI_NATIONAL,Overall,201
11/11/2023,SARI_NATIONAL,Pediatrics,116
11/18/2023,SARI_NATIONAL,Adults,79
11/18/2023,SARI_NATIONAL,Overall,192
11/18/2023,SARI_NATIONAL,Pediatrics,113
11/25/2023,SARI_NATIONAL,Adults,74
11/25/2023,SARI_NATIONAL,Overall,168
11/25/2023,SARI_NATIONAL,Pediatrics,94
12/2/2023,SARI_NATIONAL,Adults,70
12/2/2023,SARI_NATIONAL,Overall,168
12/2/2023,SARI_NATIONAL,Pediatrics,98
12/9/2023,SARI_NATIONAL,Adults,64
12/9/2023,SARI_NATIONAL,Overall,130
12/9/2023,SARI_NATIONAL,Pediatrics,66
12/16/2023,SARI_NATIONAL,Adults,66
12/16/2023,SARI_NATIONAL,Overall,135
12/16/2023,SARI_NATIONAL,Pediatrics,69
12/23/2023,SARI_NATIONAL,Adults,56
12/23/2023,SARI_NATIONAL,Overall,102
12/23/2023,SARI_NATIONAL,Pediatrics,46
12/30/2023,SARI_NATIONAL,Adults,46
12/30/2023,SARI_NATIONAL,Overall,87
12/30/2023,SARI_NATIONAL,Pediatrics,41
1/6/2024,SARI_NATIONAL,Adults,95
1/6/2024,SARI_NATIONAL,Overall,160
1/6/2024,SARI_NATIONAL,Pediatrics,65
1/13/2024,SARI_NATIONAL,Adults,126
1/13/2024,SARI_NATIONAL,Overall,197
1/13/2024,SARI_NATIONAL,Pediatrics,71
1/20/2024,SARI_NATIONAL,Adults,165
1/20/2024,SARI_NATIONAL,Overall,247
1/20/2024,SARI_NATIONAL,Pediatrics,82
1/27/2024,SARI_NATIONAL,Adults,160
1/27/2024,SARI_NATIONAL,Overall,253
1/27/2024,SARI_NATIONAL,Pediatrics,93
2/3/2024,SARI_NATIONAL,Adults,165
2/3/2024,SARI_NATIONAL,Overall,252
2/3/2024,SARI_NATIONAL,Pediatrics,87
2/10/2024,SARI_NATIONAL,Adults,131
2/10/2024,SARI_NATIONAL,Overall,205
2/10/2024,SARI_NATIONAL,Pediatrics,74
2/17/2024,SARI_NATIONAL,Adults,114
2/17/2024,SARI_NATIONAL,Overall,176
2/17/2024,SARI_NATIONAL,Pediatrics,62
2/24/2024,SARI_NATIONAL,Adults,120
2/24/2024,SARI_NATIONAL,Overall,176
2/24/2024,SARI_NATIONAL,Pediatrics,56
3/2/2024,SARI_NATIONAL,Adults,92
3/2/2024,SARI_NATIONAL,Overall,155
3/2/2024,SARI_NATIONAL,Pediatrics,63
3/9/2024,SARI_NATIONAL,Adults,93
3/9/2024,SARI_NATIONAL,Overall,164
3/9/2024,SARI_NATIONAL,Pediatrics,71
3/16/2024,SARI_NATIONAL,Adults,94
3/16/2024,SARI_NATIONAL,Overall,213
3/16/2024,SARI_NATIONAL,Pediatrics,119
3/23/2024,SARI_NATIONAL,Adults,92
3/23/2024,SARI_NATIONAL,Overall,209
3/23/2024,SARI_NATIONAL,Pediatrics,117
3/30/2024,SARI_NATIONAL,Adults,96
3/30/2024,SARI_NATIONAL,Overall,207
3/30/2024,SARI_NATIONAL,Pediatrics,111
4/6/2024,SARI_NATIONAL,Adults,111
4/6/2024,SARI_NATIONAL,Overall,223
4/6/2024,SARI_NATIONAL,Pediatrics,112
4/13/2024,SARI_NATIONAL,Adults,95
4/13/2024,SARI_NATIONAL,Overall,198
4/13/2024,SARI_NATIONAL,Pediatrics,103
4/20/2024,SARI_NATIONAL,Adults,107
4/20/2024,SARI_NATIONAL,Overall,212
4/20/2024,SARI_NATIONAL,Pediatrics,105
4/27/2024,SARI_NATIONAL,Adults,97
4/27/2024,SARI_NATIONAL,Overall,241
4/27/2024,SARI_NATIONAL,Pediatrics,144
5/4/2024,SARI_NATIONAL,Adults,129
5/4/2024,SARI_NATIONAL,Overall,287
5/4/2024,SARI_NATIONAL,Pediatrics,158
5/11/2024,SARI_NATIONAL,Adults,151
5/11/2024,SARI_NATIONAL,Overall,338
5/11/2024,SARI_NATIONAL,Pediatrics,187
5/18/2024,SARI_NATIONAL,Adults,230
5/18/2024,SARI_NATIONAL,Overall,557
5/18/2024,SARI_NATIONAL,Pediatrics,327
5/25/2024,SARI_NATIONAL,Adults,333
5/25/2024,SARI_NATIONAL,Overall,746
5/25/2024,SARI_NATIONAL,Pediatrics,413
6/1/2024,SARI_NATIONAL,Adults,524
6/1/2024,SARI_NATIONAL,Overall,1053
6/1/2024,SARI_NATIONAL,Pediatrics,529
6/8/2024,SARI_NATIONAL,Adults,553
6/8/2024,SARI_NATIONAL,Overall,1270
6/8/2024,SARI_NATIONAL,Pediatrics,717
6/15/2024,SARI_NATIONAL,Adults,454
6/15/2024,SARI_NATIONAL,Overall,1031
6/15/2024,SARI_NATIONAL,Pediatrics,577
6/22/2024,SARI_NATIONAL,Adults,315
6/22/2024,SARI_NATIONAL,Overall,832
6/22/2024,SARI_NATIONAL,Pediatrics,517
6/29/2024,SARI_NATIONAL,Adults,277
6/29/2024,SARI_NATIONAL,Overall,825
6/29/2024,SARI_NATIONAL,Pediatrics,548
7/6/2024,SARI_NATIONAL,Adults,317
7/6/2024,SARI_NATIONAL,Overall,891
7/6/2024,SARI_NATIONAL,Pediatrics,574
7/13/2024,SARI_NATIONAL,Adults,251
7/13/2024,SARI_NATIONAL,Overall,830
7/13/2024,SARI_NATIONAL,Pediatrics,579
7/20/2024,SARI_NATIONAL,Adults,299
7/20/2024,SARI_NATIONAL,Overall,877
7/20/2024,SARI_NATIONAL,Pediatrics,578
7/27/2024,SARI_NATIONAL,Adults,229
7/27/2024,SARI_NATIONAL,Overall,707
7/27/2024,SARI_NATIONAL,Pediatrics,478
8/3/2024,SARI_NATIONAL,Adults,209
8/3/2024,SARI_NATIONAL,Overall,662
8/3/2024,SARI_NATIONAL,Pediatrics,453
8/10/2024,SARI_NATIONAL,Adults,184
8/10/2024,SARI_NATIONAL,Overall,668
8/10/2024,SARI_NATIONAL,Pediatrics,484
8/17/2024,SARI_NATIONAL,Adults,172
8/17/2024,SARI_NATIONAL,Overall,645
8/17/2024,SARI_NATIONAL,Pediatrics,473
8/24/2024,SARI_NATIONAL,Adults,175
8/24/2024,SARI_NATIONAL,Overall,642
8/24/2024,SARI_NATIONAL,Pediatrics,467
8/31/2024,SARI_NATIONAL,Adults,174
8/31/2024,SARI_NATIONAL,Overall,596
8/31/2024,SARI_NATIONAL,Pediatrics,422
9/7/2024,SARI_NATIONAL,Adults,210
9/7/2024,SARI_NATIONAL,Overall,718
9/7/2024,SARI_NATIONAL,Pediatrics,508
9/14/2024,SARI_NATIONAL,Adults,194
9/14/2024,SARI_NATIONAL,Overall,616
9/14/2024,SARI_NATIONAL,Pediatrics,422
9/21/2024,SARI_NATIONAL,Adults,178
9/21/2024,SARI_NATIONAL,Overall,598
9/21/2024,SARI_NATIONAL,Pediatrics,420
9/28/2024,SARI_NATIONAL,Adults,159
9/28/2024,SARI_NATIONAL,Overall,492
9/28/2024,SARI_NATIONAL,Pediatrics,333
10/5/2024,SARI_NATIONAL,Adults,199
10/5/2024,SARI_NATIONAL,Overall,511
10/5/2024,SARI_NATIONAL,Pediatrics,312
10/12/2024,SARI_NATIONAL,Adults,151
10/12/2024,SARI_NATIONAL,Overall,401
10/12/2024,SARI_NATIONAL,Pediatrics,250
10/19/2024,SARI_NATIONAL,Adults,165
10/19/2024,SARI_NATIONAL,Overall,424
10/19/2024,SARI_NATIONAL,Pediatrics,259
10/26/2024,SARI_NATIONAL,Adults,131
10/26/2024,SARI_NATIONAL,Overall,394
10/26/2024,SARI_NATIONAL,Pediatrics,263
11/2/2024,SARI_NATIONAL,Adults,116
11/2/2024,SARI_NATIONAL,Overall,353
11/2/2024,SARI_NATIONAL,Pediatrics,237
11/9/2024,SARI_NATIONAL,Adults,102
11/9/2024,SARI_NATIONAL,Overall,259
11/9/2024,SARI_NATIONAL,Pediatrics,157
11/16/2024,SARI_NATIONAL,Adults,112
11/16/2024,SARI_NATIONAL,Overall,284
11/16/2024,SARI_NATIONAL,Pediatrics,172
11/23/2024,SARI_NATIONAL,Adults,84
11/23/2024,SARI_NATIONAL,Overall,242
11/23/2024,SARI_NATIONAL,Pediatrics,158
11/30/2024,SARI_NATIONAL,Adults,73
11/30/2024,SARI_NATIONAL,Overall,221
11/30/2024,SARI_NATIONAL,Pediatrics,148
12/7/2024,SARI_NATIONAL,Adults,86
12/7/2024,SARI_NATIONAL,Overall,197
12/7/2024,SARI_NATIONAL,Pediatrics,111
12/14/2024,SARI_NATIONAL,Adults,90
12/14/2024,SARI_NATIONAL,Overall,202
12/14/2024,SARI_NATIONAL,Pediatrics,112
12/21/2024,SARI_NATIONAL,Adults,88
12/21/2024,SARI_NATIONAL,Overall,151
12/21/2024,SARI_NATIONAL,Pediatrics,63
12/28/2024,SARI_NATIONAL,Adults,60
12/28/2024,SARI_NATIONAL,Overall,113
12/28/2024,SARI_NATIONAL,Pediatrics,53
1/4/2025,SARI_NATIONAL,Adults,99
1/4/2025,SARI_NATIONAL,Overall,197
1/4/2025,SARI_NATIONAL,Pediatrics,98
1/11/2025,SARI_NATIONAL,Adults,97
1/11/2025,SARI_NATIONAL,Overall,175
1/11/2025,SARI_NATIONAL,Pediatrics,78
1/18/2025,SARI_NATIONAL,Adults,78
1/18/2025,SARI_NATIONAL,Overall,150
1/18/2025,SARI_NATIONAL,Pediatrics,72
1/25/2025,SARI_NATIONAL,Adults,81
1/25/2025,SARI_NATIONAL,Overall,163
1/25/2025,SARI_NATIONAL,Pediatrics,82
2/1/2025,SARI_NATIONAL,Adults,92
2/1/2025,SARI_NATIONAL,Overall,153
2/1/2025,SARI_NATIONAL,Pediatrics,61
2/8/2025,SARI_NATIONAL,Adults,86
2/8/2025,SARI_NATIONAL,Overall,172
2/8/2025,SARI_NATIONAL,Pediatrics,86
2/15/2025,SARI_NATIONAL,Adults,90
2/15/2025,SARI_NATIONAL,Overall,170
2/15/2025,SARI_NATIONAL,Pediatrics,80
2/22/2025,SARI_NATIONAL,Adults,86
2/22/2025,SARI_NATIONAL,Overall,164
2/22/2025,SARI_NATIONAL,Pediatrics,78
3/1/2025,SARI_NATIONAL,Adults,102
3/1/2025,SARI_NATIONAL,Overall,175
3/1/2025,SARI_NATIONAL,Pediatrics,73
3/8/2025,SARI_NATIONAL,Adults,101
3/8/2025,SARI_NATIONAL,Overall,181
3/8/2025,SARI_NATIONAL,Pediatrics,80
3/15/2025,SARI_NATIONAL,Adults,117
3/15/2025,SARI_NATIONAL,Overall,227
3/15/2025,SARI_NATIONAL,Pediatrics,110
3/22/2025,SARI_NATIONAL,Adults,158
3/22/2025,SARI_NATIONAL,Overall,320
3/22/2025,SARI_NATIONAL,Pediatrics,162
3/29/2025,SARI_NATIONAL,Adults,156
3/29/2025,SARI_NATIONAL,Overall,326
3/29/2025,SARI_NATIONAL,Pediatrics,170
4/5/2025,SARI_NATIONAL,Adults,150
4/5/2025,SARI_NATIONAL,Overall,292
4/5/2025,SARI_NATIONAL,Pediatrics,142
4/12/2025,SARI_NATIONAL,Adults,153
4/12/2025,SARI_NATIONAL,Overall,307
4/12/2025,SARI_NATIONAL,Pediatrics,154
4/19/2025,SARI_NATIONAL,Adults,153
4/19/2025,SARI_NATIONAL,Overall,334
4/19/2025,SARI_NATIONAL,Pediatrics,181
4/26/2025,SARI_NATIONAL,Adults,207
4/26/2025,SARI_NATIONAL,Overall,378
4/26/2025,SARI_NATIONAL,Pediatrics,171
5/3/2025,SARI_NATIONAL,Adults,190
5/3/2025,SARI_NATIONAL,Overall,402
5/3/2025,SARI_NATIONAL,Pediatrics,212
5/10/2025,SARI_NATIONAL,Adults,202
5/10/2025,SARI_NATIONAL,Overall,408
5/10/2025,SARI_NATIONAL,Pediatrics,206
5/17/2025,SARI_NATIONAL,Adults,235
5/17/2025,SARI_NATIONAL,Overall,486
5/17/2025,SARI_NATIONAL,Pediatrics,251
5/24/2025,SARI_NATIONAL,Adults,292
5/24/2025,SARI_NATIONAL,Overall,608
5/24/2025,SARI_NATIONAL,Pediatrics,316
5/31/2025,SARI_NATIONAL,Adults,347
5/31/2025,SARI_NATIONAL,Overall,710
5/31/2025,SARI_NATIONAL,Pediatrics,363
6/7/2025,SARI_NATIONAL,Adults,515
6/7/2025,SARI_NATIONAL,Overall,1046
6/7/2025,SARI_NATIONAL,Pediatrics,531
6/14/2025,SARI_NATIONAL,Adults,582
6/14/2025,SARI_NATIONAL,Overall,1092
6/14/2025,SARI_NATIONAL,Pediatrics,510
6/21/2025,SARI_NATIONAL,Adults,503
6/21/2025,SARI_NATIONAL,Overall,1009
6/21/2025,SARI_NATIONAL,Pediatrics,506
6/28/2025,SARI_NATIONAL,Adults,458
6/28/2025,SARI_NATIONAL,Overall,915
6/28/2025,SARI_NATIONAL,Pediatrics,457
7/5/2025,SARI_NATIONAL,Adults,422
7/5/2025,SARI_NATIONAL,Overall,971
7/5/2025,SARI_NATIONAL,Pediatrics,549
7/12/2025,SARI_NATIONAL,Adults,320
7/12/2025,SARI_NATIONAL,Overall,838
7/12/2025,SARI_NATIONAL,Pediatrics,518
7/19/2025,SARI_NATIONAL,Adults,224
7/19/2025,SARI_NATIONAL,Overall,798
7/19/2025,SARI_NATIONAL,Pediatrics,574
7/26/2025,SARI_NATIONAL,Adults,172
7/26/2025,SARI_NATIONAL,Overall,665
7/26/2025,SARI_NATIONAL,Pediatrics,493
8/2/2025,SARI_NATIONAL,Adults,177
8/2/2025,SARI_NATIONAL,Overall,726
8/2/2025,SARI_NATIONAL,Pediatrics,549
8/9/2025,SARI_NATIONAL,Adults,187
8/9/2025,SARI_NATIONAL,Overall,695
8/9/2025,SARI_NATIONAL,Pediatrics,508
8/16/2025,SARI_NATIONAL,Adults,161
8/16/2025,SARI_NATIONAL,Overall,701
8/16/2025,SARI_NATIONAL,Pediatrics,540
8/23/2025,SARI_NATIONAL,Adults,168
8/23/2025,SARI_NATIONAL,Overall,708
8/23/2025,SARI_NATIONAL,Pediatrics,540
8/30/2025,SARI_NATIONAL,Adults,146
8/30/2025,SARI_NATIONAL,Overall,600
8/30/2025,SARI_NATIONAL,Pediatrics,454
9/6/2025,SARI_NATIONAL,Adults,164
9/6/2025,SARI_NATIONAL,Overall,591
9/6/2025,SARI_NATIONAL,Pediatrics,427
9/13/2025,SARI_NATIONAL,Adults,164
9/13/2025,SARI_NATIONAL,Overall,571
9/13/2025,SARI_NATIONAL,Pediatrics,407
9/20/2025,SARI_NATIONAL,Adults,158
9/20/2025,SARI_NATIONAL,Overall,520
9/20/2025,SARI_NATIONAL,Pediatrics,362
9/27/2025,SARI_NATIONAL,Adults,132
9/27/2025,SARI_NATIONAL,Overall,430
9/27/2025,SARI_NATIONAL,Pediatrics,298
10/4/2025,SARI_NATIONAL,Adults,126
10/4/2025,SARI_NATIONAL,Overall,425
10/4/2025,SARI_NATIONAL,Pediatrics,299
10/11/2025,SARI_NATIONAL,Adults,110
10/11/2025,SARI_NATIONAL,Overall,383
10/11/2025,SARI_NATIONAL,Pediatrics,273
10/18/2025,SARI_NATIONAL,Adults,121
10/18/2025,SARI_NATIONAL,Overall,346
10/18/2025,SARI_NATIONAL,Pediatrics,225
10/25/2025,SARI_NATIONAL,Adults,116
10/25/2025,SARI_NATIONAL,Overall,338
10/25/2025,SARI_NATIONAL,Pediatrics,222
11/1/2025,SARI_NATIONAL,Adults,100
11/1/2025,SARI_NATIONAL,Overall,259
11/1/2025,SARI_NATIONAL,Pediatrics,159
11/8/2025,SARI_NATIONAL,Adults,91
11/8/2025,SARI_NATIONAL,Overall,309
11/8/2025,SARI_NATIONAL,Pediatrics,218
11/15/2025,SARI_NATIONAL,Adults,116
11/15/2025,SARI_NATIONAL,Overall,276
11/15/2025,SARI_NATIONAL,Pediatrics,160
11/22/2025,SARI_NATIONAL,Adults,77
11/22/2025,SARI_NATIONAL,Overall,214
11/22/2025,SARI_NATIONAL,Pediatrics,137
11/29/2025,SARI_NATIONAL,Adults,61
11/29/2025,SARI_NATIONAL,Overall,174
11/29/2025,SARI_NATIONAL,Pediatrics,113
12/6/2025,SARI_NATIONAL,Adults,83
12/6/2025,SARI_NATIONAL,Overall,187
12/6/2025,SARI_NATIONAL,Pediatrics,104
12/13/2025,SARI_NATIONAL,Adults,89
12/13/2025,SARI_NATIONAL,Overall,191
12/13/2025,SARI_NATIONAL,Pediatrics,102
12/20/2025,SARI_NATIONAL,Adults,65
12/20/2025,SARI_NATIONAL,Overall,137
12/20/2025,SARI_NATIONAL,Pediatrics,72
12/27/2025,SARI_NATIONAL,Adults,93
12/27/2025,SARI_NATIONAL,Overall,145
12/27/2025,SARI_NATIONAL,Pediatrics,52
1/3/2026,SARI_NATIONAL,Adults,52
1/3/2026,SARI_NATIONAL,Overall,99
1/3/2026,SARI_NATIONAL,Pediatrics,47
1/10/2026,SARI_NATIONAL,Adults,108
1/10/2026,SARI_NATIONAL,Overall,205
1/10/2026,SARI_NATIONAL,Pediatrics,97
1/17/2026,SARI_NATIONAL,Adults,93
1/17/2026,SARI_NATIONAL,Overall,165
1/17/2026,SARI_NATIONAL,Pediatrics,72
1/24/2026,SARI_NATIONAL,Adults,110
1/24/2026,SARI_NATIONAL,Overall,183
1/24/2026,SARI_NATIONAL,Pediatrics,73
1/31/2026,SARI_NATIONAL,Adults,74
1/31/2026,SARI_NATIONAL,Overall,138
1/31/2026,SARI_NATIONAL,Pediatrics,64
2/7/2026,SARI_NATIONAL,Adults,105
2/7/2026,SARI_NATIONAL,Overall,164
2/7/2026,SARI_NATIONAL,Pediatrics,59
2/14/2026,SARI_NATIONAL,Adults,69
2/14/2026,SARI_NATIONAL,Overall,121
2/14/2026,SARI_NATIONAL,Pediatrics,52
2/21/2026,SARI_NATIONAL,Adults,72
2/21/2026,SARI_NATIONAL,Overall,123
2/21/2026,SARI_NATIONAL,Pediatrics,51
2/28/2026,SARI_NATIONAL,Adults,80
2/28/2026,SARI_NATIONAL,Overall,150
2/28/2026,SARI_NATIONAL,Pediatrics,70
3/7/2026,SARI_NATIONAL,Adults,93
3/7/2026,SARI_NATIONAL,Overall,198
3/7/2026,SARI_NATIONAL,Pediatrics,105
3/14/2026,SARI_NATIONAL,Adults,82
3/14/2026,SARI_NATIONAL,Overall,281
3/14/2026,SARI_NATIONAL,Pediatrics,199
3/21/2026,SARI_NATIONAL,Adults,97
3/21/2026,SARI_NATIONAL,Overall,301
3/21/2026,SARI_NATIONAL,Pediatrics,204
3/28/2026,SARI_NATIONAL,Adults,106
3/28/2026,SARI_NATIONAL,Overall,279
3/28/2026,SARI_NATIONAL,Pediatrics,173
4/4/2026,SARI_NATIONAL,Adults,130
4/4/2026,SARI_NATIONAL,Overall,274
4/4/2026,SARI_NATIONAL,Pediatrics,144
4/11/2026,SARI_NATIONAL,Adults,147
4/11/2026,SARI_NATIONAL,Overall,303
4/11/2026,SARI_NATIONAL,Pediatrics,156
4/18/2026,SARI_NATIONAL,Adults,111
4/18/2026,SARI_NATIONAL,Overall,310
4/18/2026,SARI_NATIONAL,Pediatrics,199
4/25/2026,SARI_NATIONAL,Adults,143
4/25/2026,SARI_NATIONAL,Overall,356
4/25/2026,SARI_NATIONAL,Pediatrics,213
5/2/2026,SARI_NATIONAL,Adults,175
5/2/2026,SARI_NATIONAL,Overall,446
5/2/2026,SARI_NATIONAL,Pediatrics,271
5/9/2026,SARI_NATIONAL,Adults,196
5/9/2026,SARI_NATIONAL,Overall,484
5/9/2026,SARI_NATIONAL,Pediatrics,288
5/16/2026,SARI_NATIONAL,Adults,245
5/16/2026,SARI_NATIONAL,Overall,566
5/16/2026,SARI_NATIONAL,Pediatrics,321
5/23/2026,SARI_NATIONAL,Adults,306
5/23/2026,SARI_NATIONAL,Overall,651
5/23/2026,SARI_NATIONAL,Pediatrics,345
5/30/2026,SARI_NATIONAL,Adults,320
5/30/2026,SARI_NATIONAL,Overall,725
5/30/2026,SARI_NATIONAL,Pediatrics,405
6/6/2026,SARI_NATIONAL,Adults,306
6/6/2026,SARI_NATIONAL,Overall,679
6/6/2026,SARI_NATIONAL,Pediatrics,373
6/13/2026,SARI_NATIONAL,Adults,102
6/13/2026,SARI_NATIONAL,Overall,228
6/13/2026,SARI_NATIONAL,Pediatrics,126
